seed,bin_lo,bin_hi,n,emp,true,z
0,-3.0,-2.9,1042,0.3781190019193858,0.3776937475354538,0.028314616183758162
0,-2.9,-2.8,1398,0.4198855507868383,0.4200651973083471,-0.01360894507550651
0,-2.8,-2.7,1871,0.4393372528059861,0.4607013012632725,-1.8539415696520931
0,-2.7,-2.6,2396,0.4791318864774624,0.49659832409589677,-1.7099672420813214
0,-2.6,-2.5,3003,0.5248085248085248,0.5249124057269325,-0.01139943123579518
0,-2.5,-2.4,4038,0.5552253590886578,0.5428577158651419,1.5776163598294102
0,-2.4,-2.3,5078,0.5450964946829461,0.5482295480025081,-0.44861521976773955
0,-2.3,-2.2,6355,0.546498819826908,0.5406288279723519,0.9389961408754194
0,-2.2,-2.1,7965,0.5175141242937853,0.5210061029497822,-0.623846977482038
0,-2.1,-2.0,9994,0.498198919351611,0.4912647205409789,1.3866352786282454
0,-2.0,-1.9,12013,0.4605011237825689,0.4543123560470136,1.3623245661069125
0,-1.9,-1.7999999999999998,14422,0.41616974067397033,0.4133380423365535,0.6905785406496948
0,-1.7999999999999998,-1.7,17302,0.370477401456479,0.3711593913457872,-0.185684466151265
0,-1.7,-1.5999999999999999,20612,0.3306811566078013,0.3307451718994189,-0.019534454229973658
0,-1.5999999999999999,-1.5,24102,0.2970707825076757,0.2936379816257196,1.1701872709377705
0,-1.5,-1.4,27817,0.26124312470791244,0.2608329416797474,0.1558046124976674
0,-1.4,-1.2999999999999998,31738,0.2327808935660722,0.23301594846278,-0.09905424468920397
0,-1.2999999999999998,-1.2,36428,0.21219940704952234,0.21031201659348034,0.8839335337299408
0,-1.2,-1.0999999999999999,40988,0.18810383526885918,0.1926011365050203,-2.3089091903254855
0,-1.0999999999999999,-1.0,45803,0.1804685282623409,0.179556015049431,0.5088170748511369
0,-1.0,-0.8999999999999999,50806,0.1712789827973074,0.17084241595388636,0.26145193457518845
0,-0.8999999999999999,-0.7999999999999998,55879,0.16755847456110526,0.16627537353347172,0.8146290338796757
0,-0.7999999999999998,-0.6999999999999997,60028,0.16329046444992337,0.16571962604305765,-1.6006278055704979
0,-0.6999999999999997,-0.5999999999999996,64470,0.16931906313013806,0.16915450818092032,0.11145199882365239
0,-0.5999999999999996,-0.5,68749,0.17626438202737493,0.17666150382450718,-0.27302143530391887
0,-0.5,-0.3999999999999999,71813,0.18841992396919777,0.18850959746184712,-0.06144084687519149
0,-0.3999999999999999,-0.2999999999999998,74891,0.20501795943437795,0.20490614243555083,0.07581165168044
0,-0.2999999999999998,-0.19999999999999973,77065,0.22635437617595536,0.22612881283372802,0.14968725435369687
0,-0.19999999999999973,-0.09999999999999964,78641,0.25335384850141784,0.25250747412222246,0.5463192152384103
0,-0.09999999999999964,0.0,79789,0.2842497086064495,0.28388146480543325,0.2306991421799564
0,0.0,0.10000000000000009,79598,0.3219176361215106,0.31992543176713645,1.2049868659594969
0,0.10000000000000009,0.20000000000000018,79396,0.36098795909113807,0.3596782543332264,0.7689825777072018
0,0.20000000000000018,0.30000000000000027,77080,0.40115464452516864,0.40149489254743176,-0.19270479428376386
0,0.30000000000000027,0.40000000000000036,74458,0.44486824787128315,0.4430655745466473,0.9902313691635841
0,0.40000000000000036,0.5,72361,0.4819032351681154,0.4814787110784002,0.2285508173893355
0,0.5,0.6000000000000001,68596,0.5152049682197213,0.513645629156351,0.8171122933300706
0,0.6000000000000001,0.7000000000000002,64913,0.5393064563338622,0.5363304229468645,1.5204884395722689
0,0.7000000000000002,0.8000000000000003,60173,0.549066857228325,0.5474111214289485,0.8159867823451966
0,0.8000000000000003,0.9000000000000004,55378,0.545794358770631,0.5456168975372239,0.08387202659878318
0,0.9000000000000004,1.0,50891,0.5280894460710145,0.531139503665528,-1.3788036024965675
0,1.0,1.1000000000000005,45891,0.5059379834826001,0.505500128465149,0.1876075727925447
0,1.1000000000000005,1.2000000000000002,41134,0.4689551222832693,0.47136232949769313,-0.9780418955145543
0,1.2000000000000002,1.2999999999999998,36432,0.42841458058849363,0.4316530233688678,-1.2479683291741395
0,1.2999999999999998,1.4000000000000004,32147,0.3885899150776122,0.38975170629046924,-0.42712108692793205
0,1.4000000000000004,1.5,28149,0.3508828022309851,0.3481495574870954,0.9626160555711347
0,1.5,1.6000000000000005,24211,0.30382883813142786,0.3093733311398677,-1.8664015860204153
0,1.6000000000000005,1.7000000000000002,20424,0.27124951037994516,0.27472494925311397,-1.1127039643647691
0,1.7000000000000002,1.8000000000000007,17443,0.24961302528234822,0.2447219659919641,1.50253159936995
0,1.8000000000000007,1.9000000000000004,14541,0.21800426380579052,0.21970435552417422,-0.4951315085783152
0,1.9000000000000004,2.0,12068,0.20053032814053695,0.19984741945273615,0.18760508730561853
0,2.0,2.1000000000000005,9740,0.17628336755646817,0.18480229257451902,-2.1661030906278556
0,2.1000000000000005,2.2,7858,0.17676253499618225,0.17412085561527768,0.6175220544196388
0,2.2,2.3000000000000007,6433,0.17285869734183118,0.16779112541727445,1.0876922452682758
0,2.3000000000000007,2.4000000000000004,5149,0.16993590988541465,0.16547291384203644,0.8617955990152038
0,2.4000000000000004,2.5,4033,0.16612943218447807,0.16711611109633584,-0.1679533095718112
0,2.5,2.6000000000000005,2999,0.17405801933977993,0.17281637627471655,0.17984219270844243
0,2.6000000000000005,2.7,2365,0.17463002114164905,0.18267304022293882,-1.0122773766470263
0,2.7,2.8000000000000007,1754,0.17388825541619157,0.19710265139414948,-2.443970376886571
0,2.8000000000000007,2.9000000000000004,1408,0.20525568181818182,0.21623870607426807,-1.0010704621317699
0,2.9000000000000004,3.0,986,0.22718052738336714,0.24033126119458414,-0.9664317388833447
1,-3.0,-2.9,1000,0.382,0.37791909253612166,0.2661545495969956
1,-2.9,-2.8,1398,0.42560801144492133,0.41995907483733935,0.4279445337341383
1,-2.8,-2.7,1777,0.469893078221722,0.4605214951920437,0.7925828039867611
1,-2.7,-2.6,2468,0.502836304700162,0.49673293741499885,0.6064309389732881
1,-2.6,-2.5,3117,0.5399422521655438,0.5248250769610436,1.6900712034719432
1,-2.5,-2.4,4040,0.5477722772277228,0.5427645952659206,0.638927734735524
1,-2.4,-2.3,5040,0.5525793650793651,0.5482229391398382,0.6214481705511283
1,-2.3,-2.2,6311,0.5395341467279353,0.54067736093007,-0.1822420880694199
1,-2.2,-2.1,7939,0.5148003526892556,0.5210175525350043,-1.108898387391578
1,-2.1,-2.0,9879,0.49590039477679926,0.4913207794859191,0.9105020434629089
1,-2.0,-1.9,11821,0.45165383639286016,0.45431273726142524,-0.580603821073523
1,-1.9,-1.7999999999999998,14399,0.4230849364539204,0.41315683950335563,2.4194334371255763
1,-1.7999999999999998,-1.7,17464,0.3746564360971141,0.37121280312972504,0.9419446847458418
1,-1.7,-1.5999999999999999,20637,0.3227697824296167,0.33073003476651924,-2.4305951720594408
1,-1.5999999999999999,-1.5,24144,0.2980864811133201,0.2935971083638278,1.5317509422580062
1,-1.5,-1.4,27851,0.2601342860220459,0.2607044850090703,-0.21675221838700443
1,-1.4,-1.2999999999999998,32141,0.23141781525154786,0.23299367210356486,-0.6683053230277364
1,-1.2999999999999998,-1.2,36482,0.20867825228879996,0.21032136458763304,-0.7700867946937658
1,-1.2,-1.0999999999999999,41268,0.1948240767665019,0.192606114165176,1.1425709213707544
1,-1.0999999999999999,-1.0,45859,0.1759087638195338,0.17952920572086237,-2.020108773344534
1,-1.0,-0.8999999999999999,50462,0.17193135428639372,0.17084890689593893,0.6460499338529747
1,-0.8999999999999999,-0.7999999999999998,55630,0.16483911558511594,0.1662763661968365,-0.9104596708630392
1,-0.7999999999999998,-0.6999999999999997,60378,0.1646791877836298,0.16572042397160605,-0.6880892791505668
1,-0.6999999999999997,-0.5999999999999996,64816,0.16878548506541594,0.16915254980350605,-0.2492779468940488
1,-0.5999999999999996,-0.5,68383,0.17744176184139332,0.17664697558324832,0.5449771315624827
1,-0.5,-0.3999999999999999,71598,0.18961423503449817,0.18849346738788528,0.766781929156494
1,-0.3999999999999999,-0.2999999999999998,75152,0.2054769001490313,0.20488439789505017,0.40243032241826243
1,-0.2999999999999998,-0.19999999999999973,77279,0.2251452529147634,0.22617397575985962,-0.6835749659319004
1,-0.19999999999999973,-0.09999999999999964,78756,0.2512570470821271,0.2524975481705065,-0.8013164925056347
1,-0.09999999999999964,0.0,79301,0.2837921337688049,0.2839020919823639,-0.06867465850942739
1,0.0,0.10000000000000009,79453,0.3195599914414811,0.3199399304201912,-0.22959432026038615
1,0.10000000000000009,0.20000000000000018,79116,0.3583977956418424,0.35968538126076555,-0.7546579928695853
1,0.20000000000000018,0.30000000000000027,77698,0.40309917887204305,0.4014566019701299,0.9340357666454875
1,0.30000000000000027,0.40000000000000036,75095,0.44442372994207335,0.44298683230803176,0.792689674181143
1,0.40000000000000036,0.5,72208,0.48171947706625307,0.48148907988928746,0.12390751208314535
1,0.5,0.6000000000000001,68902,0.5171402862035935,0.5136265098530258,1.8453611205946134
1,0.6000000000000001,0.7000000000000002,64442,0.5355823841593992,0.5363704823798192,-0.40118702443553916
1,0.7000000000000002,0.8000000000000003,60276,0.5495719689428629,0.5474186638265068,1.0621104066868308
1,0.8000000000000003,0.9000000000000004,55763,0.5455409500923551,0.545599402795203,-0.027721790236610293
1,0.9000000000000004,1.0,50693,0.5293235752470755,0.5310919000556136,-0.7978244293342193
1,1.0,1.1000000000000005,45888,0.5059274755927475,0.5055223788413729,0.173566062650999
1,1.1000000000000005,1.2000000000000002,41132,0.4733297675775552,0.471285489904127,0.8305717395126041
1,1.2000000000000002,1.2999999999999998,36429,0.4319909961843586,0.43171528949210397,0.10624028622158845
1,1.2999999999999998,1.4000000000000004,32043,0.38916456012233563,0.38974371377355954,-0.21257622630725137
1,1.4000000000000004,1.5,27859,0.3487921318065975,0.34836468443710716,0.1497428322081206
1,1.5,1.6000000000000005,24080,0.3076827242524917,0.3095121183519901,-0.6140710961854846
1,1.6000000000000005,1.7000000000000002,20494,0.2730555284473504,0.2746784339670784,-0.5205099390088257
1,1.7000000000000002,1.8000000000000007,17220,0.2400696864111498,0.24470394268554707,-1.4145474753985658
1,1.8000000000000007,1.9000000000000004,14366,0.21690101628845887,0.21975568371520404,-0.8263006331458765
1,1.9000000000000004,2.0,12011,0.20506202647573057,0.19984644779608138,1.4294112617887427
1,2.0,2.1000000000000005,9714,0.1875643401276508,0.18471892904718754,0.7226611160424741
1,2.1000000000000005,2.2,7891,0.171334431630972,0.17417707965103532,-0.6658097358419813
1,2.2,2.3000000000000007,6403,0.16757769795408403,0.16777970422483873,-0.04325812969642598
1,2.3000000000000007,2.4000000000000004,5026,0.1655391961798647,0.16547813390980842,0.01164917099318583
1,2.4000000000000004,2.5,3992,0.1683366733466934,0.1671531121662751,0.20042235530200816
1,2.5,2.6000000000000005,3140,0.15955414012738853,0.17283237251431097,-1.9678671620544335
1,2.6000000000000005,2.7,2376,0.17045454545454544,0.1827186475110124,-1.5469694709496151
1,2.7,2.8000000000000007,1735,0.2138328530259366,0.19717554859215236,1.7438841810228138
1,2.8000000000000007,2.9000000000000004,1337,0.2169035153328347,0.216369395927194,0.04742970790331186
1,2.9000000000000004,3.0,986,0.2099391480730223,0.23994465163890694,-2.206283060105135
2,-3.0,-2.9,1053,0.38366571699905033,0.3785263265352535,0.343847908377192
2,-2.9,-2.8,1334,0.41904047976011993,0.4201548597078179,-0.08246136074975273
2,-2.8,-2.7,1804,0.4778270509977827,0.4606740222712711,1.4616269780165334
2,-2.7,-2.6,2356,0.499151103565365,0.4965071360474062,0.25667546131665453
2,-2.6,-2.5,3068,0.5211864406779662,0.5249741963728005,-0.4201284173624322
2,-2.5,-2.4,3833,0.5314375163057657,0.5429595465000174,-1.4319813470584166
2,-2.4,-2.3,5147,0.5440062172139111,0.5482085136600356,-0.6057896663480801
2,-2.3,-2.2,6386,0.5540244284372063,0.5407341045865384,2.131209001082231
2,-2.2,-2.1,7987,0.5165894578690372,0.5209659641092911,-0.7829455013181362
2,-2.1,-2.0,9878,0.49463454140514274,0.4913369549251397,0.6555803025769861
2,-2.0,-1.9,12076,0.451473998012587,0.4543261697985459,-0.6294870380618198
2,-1.9,-1.7999999999999998,14613,0.41476767262026965,0.41328472325433474,0.36404715421456174
2,-1.7999999999999998,-1.7,17240,0.37563805104408354,0.3712686792134521,1.1874379669170372
2,-1.7,-1.5999999999999999,20639,0.3341731673046175,0.3306420877420338,1.0783098212917914
2,-1.5999999999999999,-1.5,24116,0.28831481174324103,0.2935563987879703,-1.787437711113831
2,-1.5,-1.4,28044,0.2603052346312937,0.26078312063221487,-0.18227143439675178
2,-1.4,-1.2999999999999998,31926,0.2286850842573451,0.23300603573718245,-1.8262998589985615
2,-1.2999999999999998,-1.2,36522,0.20836755927933848,0.2102999815369769,-0.9062095105960957
2,-1.2,-1.0999999999999999,41084,0.19189952292863402,0.19258488458093093,-0.35228700597901685
2,-1.0999999999999999,-1.0,45845,0.17818737048751226,0.17952093963350862,-0.7439953482708659
2,-1.0,-0.8999999999999999,50665,0.16853843876443303,0.17083661494423544,-1.3744432278268606
2,-0.8999999999999999,-0.7999999999999998,55333,0.16563352791281874,0.16627477961232692,-0.40513146794586224
2,-0.7999999999999998,-0.6999999999999997,59705,0.16745666192111214,0.16572269821836605,1.1394601508955469
2,-0.6999999999999997,-0.5999999999999996,65066,0.1675990532689884,0.16915364909914823,-1.0577755126695716
2,-0.5999999999999996,-0.5,68473,0.1774714120894367,0.1766844470736038,0.5399241879369264
2,-0.5,-0.3999999999999999,71991,0.18664833104138018,0.1884925386948707,-1.265189510664432
2,-0.3999999999999999,-0.2999999999999998,74963,0.20802262449475076,0.20489822323641568,2.119384847988238
2,-0.2999999999999998,-0.19999999999999973,77218,0.22635913906084074,0.22620709451034504,0.10098680932299901
2,-0.19999999999999973,-0.09999999999999964,78902,0.25104560087196776,0.2524701277468575,-0.92107581032461
2,-0.09999999999999964,0.0,79695,0.2837944664031621,0.2838138850697498,-0.012159204838398607
2,0.0,0.10000000000000009,79518,0.319135290122991,0.3199419159058277,-0.4876365493281366
2,0.10000000000000009,0.20000000000000018,78832,0.35952405114674246,0.3596745168169626,-0.08803056090219746
2,0.20000000000000018,0.30000000000000027,77381,0.40310929039428284,0.40152406020659037,0.8995604813035476
2,0.30000000000000027,0.40000000000000036,75275,0.4426037861175689,0.44305073699631214,-0.24685994568933414
2,0.40000000000000036,0.5,72054,0.48186082660227053,0.4815320802877342,0.17661044418293015
2,0.5,0.6000000000000001,68672,0.5127126048462255,0.5135850968818654,-0.45744794024432983
2,0.6000000000000001,0.7000000000000002,64393,0.5353998105384126,0.5363517690095232,-0.48441565513401624
2,0.7000000000000002,0.8000000000000003,60000,0.54955,0.5474136293331803,1.0513412214769198
2,0.8000000000000003,0.9000000000000004,55528,0.5442839648465639,0.5455915476938353,-0.6188255169938462
2,0.9000000000000004,1.0,50851,0.5296454347013825,0.5310909664469432,-0.6532036843940504
2,1.0,1.1000000000000005,46255,0.5036644687060858,0.5054175827569364,-0.7541278916668385
2,1.1000000000000005,1.2000000000000002,41318,0.47352243574229147,0.471346387626199,0.8860994075417481
2,1.2000000000000002,1.2999999999999998,36422,0.43698863324364395,0.4316385153974022,2.061450107598753
2,1.2999999999999998,1.4000000000000004,32215,0.3955300325935123,0.3897070970701586,2.1430521121843302
2,1.4000000000000004,1.5,27801,0.3487284630049279,0.3484200771691717,0.10791683460002083
2,1.5,1.6000000000000005,24230,0.3002063557573256,0.3094045143757443,-3.097436495161963
2,1.6000000000000005,1.7000000000000002,20456,0.26715877982010167,0.27470936076635627,-2.419345871929303
2,1.7000000000000002,1.8000000000000007,17061,0.246996072914835,0.2448118374272837,0.6635259411522386
2,1.8000000000000007,1.9000000000000004,14397,0.2158088490657776,0.21974381214364802,-1.1402490682267605
2,1.9000000000000004,2.0,11864,0.19934254888739042,0.1997986113559585,-0.12423501581079893
2,2.0,2.1000000000000005,9838,0.18845293758894086,0.18471462348076925,0.955484690924418
2,2.1000000000000005,2.2,8008,0.17657342657342656,0.17417796616895684,0.5652117585430284
2,2.2,2.3000000000000007,6336,0.16524621212121213,0.16778712203377047,-0.5412530085383678
2,2.3000000000000007,2.4000000000000004,5152,0.1593555900621118,0.165472502450819,-1.1815087558104005
2,2.4000000000000004,2.5,4053,0.16333580064150013,0.1671502303936285,-0.650850283440048
2,2.5,2.6000000000000005,3098,0.16300839251129762,0.17289018751510898,-1.4544868118345793
2,2.6000000000000005,2.7,2396,0.1790484140233723,0.1826361906840689,-0.4545353710875038
2,2.7,2.8000000000000007,1854,0.1925566343042071,0.1970633833715204,-0.4878368953704154
2,2.8000000000000007,2.9000000000000004,1380,0.22246376811594204,0.21611045610150975,0.5734220668264659
2,2.9000000000000004,3.0,1058,0.24574669187145556,0.24039456188584213,0.4073925982327965
3,-3.0,-2.9,943,0.37009544008483564,0.37732065121465613,-0.4577400046471594
3,-2.9,-2.8,1365,0.43003663003663006,0.4198459609036636,0.7628732332334096
3,-2.8,-2.7,1796,0.4682628062360802,0.46099592539967627,0.6178124235457377
3,-2.7,-2.6,2315,0.5092872570194384,0.4965157591175694,1.2290169558680608
3,-2.6,-2.5,2996,0.5216955941255007,0.5250062312392159,-0.3628743732277351
3,-2.5,-2.4,4021,0.5451380253668242,0.5427962006991098,0.2980904742553746
3,-2.4,-2.3,5003,0.5510693583849691,0.5482196950889039,0.4050119488375671
3,-2.3,-2.2,6346,0.5433343838638512,0.5407224300405237,0.4175329155319997
3,-2.2,-2.1,7887,0.5230125523012552,0.5209476716203112,0.3670813778082599
3,-2.1,-2.0,10004,0.48230707716913235,0.4913717549796014,-1.8135681610713557
3,-2.0,-1.9,12134,0.4466787539146201,0.4542473404376429,-1.6744517911950105
3,-1.9,-1.7999999999999998,14520,0.4140495867768595,0.4132305266093982,0.20043296906879668
3,-1.7999999999999998,-1.7,17380,0.37255466052934405,0.37117487789266024,0.37651417609854493
3,-1.7,-1.5999999999999999,20473,0.3255507253455771,0.3306578991287494,-1.5533089939063547
3,-1.5999999999999999,-1.5,23947,0.29565290015450785,0.2934997580021526,0.731708717421962
3,-1.5,-1.4,27829,0.2587588486830285,0.26063711952506935,-0.7137729112575031
3,-1.4,-1.2999999999999998,31917,0.23576777266033774,0.23304054011514866,1.1524743261443164
3,-1.2999999999999998,-1.2,36768,0.21097149695387293,0.2103504103945805,0.2922121338134318
3,-1.2,-1.0999999999999999,41080,0.1929649464459591,0.19257450520772335,0.20068747757330752
3,-1.0999999999999999,-1.0,45809,0.17920059376978323,0.17951967622335302,-0.17794599387926452
3,-1.0,-0.8999999999999999,50919,0.17347159213653057,0.17082932566925668,1.5842122457586425
3,-0.8999999999999999,-0.7999999999999998,55530,0.16423554835224202,0.16627400557788574,-1.290154105520628
3,-0.7999999999999998,-0.6999999999999997,60384,0.16742845786963434,0.16572228171210548,1.1275583710930868
3,-0.6999999999999997,-0.5999999999999996,64773,0.16712210334552977,0.16915460522765396,-1.3798311373262695
3,-0.5999999999999996,-0.5,68577,0.17692520816017032,0.17666812449169553,0.17652131967618692
3,-0.5,-0.3999999999999999,72182,0.18661162062564074,0.18847461981389216,-1.2798221724920436
3,-0.3999999999999999,-0.2999999999999998,74803,0.20567356924187533,0.2049002139834692,0.5240304536867534
3,-0.2999999999999998,-0.19999999999999973,77076,0.22623125227048627,0.22617280048794697,0.03878958745955539
3,-0.19999999999999973,-0.09999999999999964,78955,0.2534608321195618,0.25248510499917376,0.6310886776837652
3,-0.09999999999999964,0.0,80099,0.28652043096667873,0.2838688955334852,1.6643927275215356
3,0.0,0.10000000000000009,79655,0.3189881363379574,0.31995650053198726,-0.5859106981336936
3,0.10000000000000009,0.20000000000000018,79372,0.35993801340523107,0.3597072934556098,0.1354424842140105
3,0.20000000000000018,0.30000000000000027,77273,0.39993270611986076,0.40145118371810823,-0.8611050107687466
3,0.30000000000000027,0.40000000000000036,74985,0.4429552577182103,0.44306043749182,-0.05798076069895035
3,0.40000000000000036,0.5,71801,0.4833776688346959,0.48151320257974806,0.9998775630789202
3,0.5,0.6000000000000001,68432,0.5140723638064063,0.5136256893266447,0.23378254062363985
3,0.6000000000000001,0.7000000000000002,64514,0.5366277087143876,0.5363733630064076,0.1295488635141472
3,0.7000000000000002,0.8000000000000003,60244,0.5446517495518226,0.5474136616603046,-1.3619407610257137
3,0.8000000000000003,0.9000000000000004,55275,0.5431388511985527,0.5455888150155377,-1.1568227224898293
3,0.9000000000000004,1.0,50898,0.527584580926559,0.5310485971972003,-1.5660269416110624
3,1.0,1.1000000000000005,46055,0.504614048420367,0.5054503944700313,-0.35898822476806685
3,1.1000000000000005,1.2000000000000002,41045,0.46656109148495556,0.47130617961397236,-1.9258423318816655
3,1.2000000000000002,1.2999999999999998,36353,0.4377355376447611,0.43168085149925295,2.3306884666047587
3,1.2999999999999998,1.4000000000000004,32161,0.38857622586362367,0.3897182165316329,-0.41993954220653085
3,1.4000000000000004,1.5,27949,0.34655980535976244,0.3483150619412806,-0.6159121590644059
3,1.5,1.6000000000000005,24215,0.3084451786083006,0.3093953997226915,-0.31988601492944635
3,1.6000000000000005,1.7000000000000002,20194,0.28082598791720315,0.27460150955268303,1.9818663039912077
3,1.7000000000000002,1.8000000000000007,17313,0.2428233119621094,0.24472415349626228,-0.5817559875073801
3,1.8000000000000007,1.9000000000000004,14344,0.21716397099832682,0.21976782512232018,-0.7531089440262889
3,1.9000000000000004,2.0,12023,0.1986193129834484,0.19985005766386787,-0.33747108110628665
3,2.0,2.1000000000000005,9799,0.18532503316664967,0.1847578457606909,0.14466807379161906
3,2.1000000000000005,2.2,7888,0.1765973630831643,0.1741286257784009,0.5781852892748969
3,2.2,2.3000000000000007,6321,0.1621578864103781,0.16779431664288644,-1.1992040009156861
3,2.3000000000000007,2.4000000000000004,5046,0.16587395957193818,0.16547558483932479,0.0761515806389253
3,2.4000000000000004,2.5,3943,0.1602840476794319,0.16712284032096464,-1.1510241718251224
3,2.5,2.6000000000000005,3086,0.17854828256642905,0.17283256338991457,0.8397680428703641
3,2.6000000000000005,2.7,2394,0.1733500417710944,0.18263359980005725,-1.1756493261108691
3,2.7,2.8000000000000007,1807,0.1793027116768124,0.19706421119979628,-1.8980795810085114
3,2.8000000000000007,2.9000000000000004,1453,0.23606331727460428,0.2160474190684496,1.8539091693221235
3,2.9000000000000004,3.0,1037,0.2459016393442623,0.24011951287307653,0.43590373657239195
4,-3.0,-2.9,1001,0.39760239760239763,0.3778409089642507,1.2895300926411448
4,-2.9,-2.8,1377,0.41103848946986205,0.4203911085178472,-0.7030819273374956
4,-2.8,-2.7,1878,0.45101171458998934,0.4607619676076145,-0.8476861938499299
4,-2.7,-2.6,2411,0.49647449191206966,0.49678206557248134,-0.03020554920211343
4,-2.6,-2.5,3127,0.5142308922289734,0.5249204584276297,-1.1969998822186412
4,-2.5,-2.4,3941,0.5483379852829231,0.5428067796699307,0.69702843901068
4,-2.4,-2.3,5082,0.5476190476190477,0.5482185337777095,-0.08587276135784776
4,-2.3,-2.2,6403,0.5463064188661565,0.5407183891085178,0.8972745768354399
4,-2.2,-2.1,7903,0.5192964696950525,0.5209970404280471,-0.30262441645739446
4,-2.1,-2.0,9777,0.4888002454740718,0.4913257269827128,-0.4995079001235384
4,-2.0,-1.9,11993,0.46643875594096557,0.45426229059961537,2.6781804080456344
4,-1.9,-1.7999999999999998,14529,0.41461903778649595,0.41314524133874303,0.3607768601865716
4,-1.7999999999999998,-1.7,17132,0.3687835629231847,0.3712486908035094,-0.6678386812801992
4,-1.7,-1.5999999999999999,20337,0.3295471308452574,0.330573665103733,-0.31119411029083865
4,-1.5999999999999999,-1.5,24300,0.2859670781893004,0.29347909993309296,-2.5716323309351288
4,-1.5,-1.4,28184,0.2625603179108714,0.2607472109726111,0.693295550864172
4,-1.4,-1.2999999999999998,31879,0.22823802503215282,0.23301282470899817,-2.0166175259557617
4,-1.2999999999999998,-1.2,36322,0.2095974891250482,0.21032507971176653,-0.34025322091640986
4,-1.2,-1.0999999999999999,41175,0.19336976320582877,0.1926071227074452,0.392426239858057
4,-1.0999999999999999,-1.0,45986,0.17985908754838428,0.1795063572340613,0.1970961203791757
4,-1.0,-0.8999999999999999,50703,0.17308640514367987,0.17082923027012792,1.3504513752815146
4,-0.8999999999999999,-0.7999999999999998,55091,0.16436441524023887,0.16627658407293672,-1.205424506186626
4,-0.7999999999999998,-0.6999999999999997,60326,0.1646553724762126,0.16572609596679508,-0.7072611717480276
4,-0.6999999999999997,-0.5999999999999996,64798,0.16869347819377142,0.16914501805246956,-0.3066088413453635
4,-0.5999999999999996,-0.5,68468,0.17560028042297132,0.17666524217449817,-0.7306578417671893
4,-0.5,-0.3999999999999999,71953,0.18837296568593387,0.188492619329197,-0.08206480992850634
4,-0.3999999999999999,-0.2999999999999998,74908,0.20519837667538848,0.2048664067484874,0.22511654644455517
4,-0.2999999999999998,-0.19999999999999973,77087,0.2245125637266984,0.22616017459907597,-1.0934819476546431
4,-0.19999999999999973,-0.09999999999999964,78760,0.2542026409344845,0.2524847846751825,1.1097165195116176
4,-0.09999999999999964,0.0,80103,0.2810007115838358,0.28392097567794455,-1.8330204231787668
4,0.0,0.10000000000000009,79651,0.3205483923616778,0.3199142563813455,0.3836890270545877
4,0.10000000000000009,0.20000000000000018,78847,0.35852981089959035,0.35964509431601294,-0.6525749377159554
4,0.20000000000000018,0.30000000000000027,77781,0.40041912549337244,0.40150416709450626,-0.6173160332303262
4,0.30000000000000027,0.40000000000000036,75009,0.4447599621378768,0.44308997355682717,0.9207287611157576
4,0.40000000000000036,0.5,72217,0.4834734203857817,0.4815413260737161,1.0391403025451664
4,0.5,0.6000000000000001,68222,0.5148632405968749,0.5135927225106148,0.6639473052985644
4,0.6000000000000001,0.7000000000000002,64570,0.5381601362862011,0.536373709184781,0.9102966048688125
4,0.7000000000000002,0.8000000000000003,60408,0.5469805323798173,0.5474144445168916,-0.21425973119310482
4,0.8000000000000003,0.9000000000000004,55413,0.5442585674841643,0.545595669500636,-0.6321406041974483
4,0.9000000000000004,1.0,51020,0.5303214425715406,0.5310882437457428,-0.3470756069509875
4,1.0,1.1000000000000005,45881,0.5046097513131798,0.5054705366735437,-0.36877994991042895
4,1.1000000000000005,1.2000000000000002,40994,0.4708981802214958,0.4712885153757196,-0.15832336589018894
4,1.2000000000000002,1.2999999999999998,36482,0.43155528753906036,0.4317325196961304,-0.06834363273955167
4,1.2999999999999998,1.4000000000000004,32229,0.3885010394365323,0.3896265378897322,-0.4143298582756282
4,1.4000000000000004,1.5,27945,0.3479692252639113,0.3483460375671119,-0.13220965555949377
4,1.5,1.6000000000000005,24053,0.3070718829252068,0.30946857188565147,-0.8040745215983875
4,1.6000000000000005,1.7000000000000002,20622,0.27717971098826494,0.2746953418343163,0.7992739135984546
4,1.7000000000000002,1.8000000000000007,17468,0.2455919395465995,0.2446268188147157,0.2967361255588413
4,1.8000000000000007,1.9000000000000004,14309,0.21839401775106576,0.21976094017185466,-0.3948747943454848
4,1.9000000000000004,2.0,11923,0.19919483351505493,0.1998800806741975,-0.18710169265139553
4,2.0,2.1000000000000005,9690,0.1786377708978328,0.18476852916648515,-1.5549685582127848
4,2.1000000000000005,2.2,7914,0.16679302501895377,0.1741818510116732,-1.7331246519327874
4,2.2,2.3000000000000007,6318,0.17442228553339664,0.1677562462277857,1.4180549457629916
4,2.3000000000000007,2.4000000000000004,4970,0.16378269617706237,0.16547563550505492,-0.32116857826562284
4,2.4000000000000004,2.5,4054,0.16428219042920572,0.16716213952923653,-0.4914479115921716
4,2.5,2.6000000000000005,3177,0.18696883852691218,0.17284169115581652,2.1059328119458796
4,2.6000000000000005,2.7,2415,0.1855072463768116,0.18268415917197153,0.3590355543419897
4,2.7,2.8000000000000007,1765,0.19490084985835693,0.19703869211073113,-0.2258005231360051
4,2.8000000000000007,2.9000000000000004,1439,0.21195274496177902,0.21611268625607108,-0.38339871240099627
4,2.9000000000000004,3.0,962,0.2182952182952183,0.2402437411134002,-1.5934177412473804
5,-3.0,-2.9,1045,0.3875598086124402,0.3779267573285482,0.6422401264414489
5,-2.9,-2.8,1339,0.4107542942494399,0.420441774435223,-0.7181243427372592
5,-2.8,-2.7,1816,0.47577092511013214,0.46031617037142997,1.3213632407567515
5,-2.7,-2.6,2401,0.5031236984589754,0.4966456214247859,0.6348658363487939
5,-2.6,-2.5,3030,0.5118811881188119,0.5249445886759024,-1.439954241898805
5,-2.5,-2.4,3958,0.538655886811521,0.542802507678503,-0.5236720335828469
5,-2.4,-2.3,5086,0.5597719229256783,0.5482205569050738,1.6553149297638652
5,-2.3,-2.2,6319,0.5331539800601361,0.5408128611789896,-1.2217184789534177
5,-2.2,-2.1,7922,0.5223428427164858,0.521188219091627,0.2057207739412164
5,-2.1,-2.0,9787,0.48901604168795343,0.4911177949247635,-0.4159154483296189
5,-2.0,-1.9,11882,0.4481568759468103,0.4542626435043901,-1.3367176657542676
5,-1.9,-1.7999999999999998,14399,0.4112091117438711,0.4133015296307423,-0.5098866079623539
5,-1.7999999999999998,-1.7,17446,0.37057205089991974,0.3711488113250748,-0.15768682444844548
5,-1.7,-1.5999999999999999,20426,0.328209145207089,0.33075379963033186,-0.7729921740377632
5,-1.5999999999999999,-1.5,23626,0.2931092863794125,0.29355137385293334,-0.1492179118365562
5,-1.5,-1.4,27824,0.2635135135135135,0.26073647621820845,1.0550935295049264
5,-1.4,-1.2999999999999998,32209,0.23064981837374646,0.23295682924307226,-0.9794688626184809
5,-1.2999999999999998,-1.2,36516,0.2107843137254902,0.2103461535554988,0.20544180903481574
5,-1.2,-1.0999999999999999,41204,0.19294243277351714,0.19258994825412634,0.18144535438605483
5,-1.0999999999999999,-1.0,46076,0.17931244031599966,0.17952953045893244,-0.12141659926085785
5,-1.0,-0.8999999999999999,50633,0.1707187012422728,0.1708226904503171,-0.06217397258588272
5,-0.8999999999999999,-0.7999999999999998,55632,0.16695427092320966,0.16627785511237433,0.42849742029641386
5,-0.7999999999999998,-0.6999999999999997,60035,0.1644707254101774,0.16572296332124006,-0.8251684510992963
5,-0.6999999999999997,-0.5999999999999996,64731,0.17050563099596794,0.16914773220486773,0.9215705020964111
5,-0.5999999999999996,-0.5,68459,0.1763975518193371,0.17665701974470632,-0.17800947180764873
5,-0.5,-0.3999999999999999,72180,0.19074535882515933,0.18848583038462643,1.5521684220346001
5,-0.3999999999999999,-0.2999999999999998,74894,0.20527679119822684,0.20488148190394703,0.26803607584971145
5,-0.2999999999999998,-0.19999999999999973,77271,0.22747214349497225,0.22615435436151243,0.8756378777963438
5,-0.19999999999999973,-0.09999999999999964,78893,0.2521262976436439,0.252473191821512,-0.22428241562613746
5,-0.09999999999999964,0.0,79814,0.2853885283283634,0.2838949471882757,0.9358390406645315
5,0.0,0.10000000000000009,79422,0.31972249502656697,0.31997508122032425,-0.1526017540450453
5,0.10000000000000009,0.20000000000000018,79229,0.3597167703744841,0.3596173286515762,0.05832713389195448
5,0.20000000000000018,0.30000000000000027,77103,0.4020077039803899,0.40140371374570083,0.3421431527909432
5,0.30000000000000027,0.40000000000000036,75269,0.44290478151695917,0.44309916131252225,-0.10735438643419191
5,0.40000000000000036,0.5,71847,0.48025665650618676,0.48153711516008557,-0.6869041807514878
5,0.5,0.6000000000000001,68181,0.5124008154764523,0.5135937698376155,-0.6232267339848182
5,0.6000000000000001,0.7000000000000002,64587,0.5387307043213031,0.5363373567113441,1.2197147039549783
5,0.7000000000000002,0.8000000000000003,60164,0.5456585333421979,0.5474116977777578,-0.863937457622096
5,0.8000000000000003,0.9000000000000004,55527,0.5456264519963261,0.5455975445844937,0.013680588392365549
5,0.9000000000000004,1.0,51204,0.5331419420357785,0.5311240087591121,0.9150225185947959
5,1.0,1.1000000000000005,46492,0.5046674696722017,0.5054501222120772,-0.3375311904557332
5,1.1000000000000005,1.2000000000000002,41289,0.47116665455690376,0.47133188318568847,-0.06725855180630974
5,1.2000000000000002,1.2999999999999998,36572,0.4332002624958985,0.43166262799496624,0.593679616368505
5,1.2999999999999998,1.4000000000000004,32010,0.38972196188691033,0.38969815393599977,0.008734304720481601
5,1.4000000000000004,1.5,27870,0.34409759598134193,0.34832385471188465,-1.4808703727860837
5,1.5,1.6000000000000005,23953,0.30998204817768127,0.30948920958102766,0.16499723970082752
5,1.6000000000000005,1.7000000000000002,20188,0.2755102040816326,0.27457428662547595,0.29795988012094854
5,1.7000000000000002,1.8000000000000007,17477,0.24695313841048236,0.244695746459165,0.6941706382148101
5,1.8000000000000007,1.9000000000000004,14473,0.22179230290886479,0.2197216449656317,0.60162578731925
5,1.9000000000000004,2.0,11933,0.19684907399648036,0.19979211107357958,-0.8040442890528026
5,2.0,2.1000000000000005,9874,0.1817905610694754,0.1847702853144072,-0.7628981659847524
5,2.1000000000000005,2.2,7883,0.17569453253837372,0.1741744913328533,0.3558481416160476
5,2.2,2.3000000000000007,6448,0.16904466501240695,0.16776954772999536,0.274021272017105
5,2.3000000000000007,2.4000000000000004,5034,0.16607071911005164,0.16547668903527143,0.11341680039116131
5,2.4000000000000004,2.5,4003,0.1676242817886585,0.16712470903644017,0.08471907727236432
5,2.5,2.6000000000000005,3111,0.17422050787528126,0.17285803853434487,0.20097494886471698
5,2.6000000000000005,2.7,2383,0.1829626521191775,0.1826753327110979,0.03629858767018859
5,2.7,2.8000000000000007,1840,0.18206521739130435,0.1970618210476667,-1.6171843316996288
5,2.8000000000000007,2.9000000000000004,1337,0.20418848167539266,0.21620415294533177,-1.0672846096570858
5,2.9000000000000004,3.0,1060,0.22169811320754718,0.23981505534151457,-1.3814652839226893
6,-3.0,-2.9,1102,0.35753176043557167,0.37749409396425293,-1.367021314086843
6,-2.9,-2.8,1411,0.4344436569808646,0.41970925856708613,1.1214988180641805
6,-2.8,-2.7,1873,0.45381740523224773,0.46045835107721084,-0.5766219400873375
6,-2.7,-2.6,2482,0.5024174053182917,0.49698219301310004,0.5415708837692608
6,-2.6,-2.5,3212,0.5277085927770859,0.5251296634958591,0.29268900280852667
6,-2.5,-2.4,3985,0.5294855708908407,0.5427761637048523,-1.6841613650203817
6,-2.4,-2.3,5103,0.5526161081716637,0.5482156597612394,0.6316382372107279
6,-2.3,-2.2,6482,0.5399568034557235,0.5406758205648562,-0.11616240902197802
6,-2.2,-2.1,7851,0.5251560310788435,0.5209593489138944,0.7443556091842369
6,-2.1,-2.0,9936,0.5022141706924316,0.49113422769593634,2.209233380734248
6,-2.0,-1.9,11977,0.45270101026968357,0.45415759778519255,-0.3201648728515045
6,-1.9,-1.7999999999999998,14282,0.4103766979414648,0.4132274859225796,-0.6918786859664529
6,-1.7999999999999998,-1.7,17230,0.36987811955890887,0.37114915738925136,-0.34534490452064853
6,-1.7,-1.5999999999999999,20379,0.3292605132734678,0.3306826062541255,-0.4315167874368828
6,-1.5999999999999999,-1.5,24022,0.2888602114728166,0.293543998818345,-1.5941257895511336
6,-1.5,-1.4,27804,0.25672565098546973,0.2607576061842361,-1.5312898809227045
6,-1.4,-1.2999999999999998,32111,0.23060633427797328,0.23297814633185995,-1.005415845451164
6,-1.2999999999999998,-1.2,36623,0.21513802801518173,0.210341286310133,2.2523781877189646
6,-1.2,-1.0999999999999999,41014,0.18917930462768812,0.1926063980737533,-1.7600054125010314
6,-1.0999999999999999,-1.0,46080,0.18209635416666667,0.17951246881098734,1.4452606326198327
6,-1.0,-0.8999999999999999,51018,0.17031243874710886,0.17083241978777036,-0.31206346092105347
6,-0.8999999999999999,-0.7999999999999998,55110,0.16715659589911086,0.166273446445888,0.5568345109184075
6,-0.7999999999999998,-0.6999999999999997,59986,0.16632214183309438,0.16572160776207315,0.39556470759317425
6,-0.6999999999999997,-0.5999999999999996,64780,0.17006792219820932,0.16915046228123015,0.6228877435604981
6,-0.5999999999999996,-0.5,68689,0.17736464353826667,0.17667913091141066,0.47106611622974687
6,-0.5,-0.3999999999999999,72735,0.18790128548841686,0.1884913589666487,-0.40689796658377403
6,-0.3999999999999999,-0.2999999999999998,75245,0.20604691341617384,0.20490183960887634,0.778196011920814
6,-0.2999999999999998,-0.19999999999999973,77325,0.22795990947300357,0.226158916151859,1.1971244971572843
6,-0.19999999999999973,-0.09999999999999964,78806,0.25402888104966626,0.2525171890130707,0.9767802938012909
6,-0.09999999999999964,0.0,79264,0.2843787848203472,0.2838897982366571,0.3053304463238001
6,0.0,0.10000000000000009,79343,0.32496880632191877,0.31988477020377143,3.070258228612848
6,0.10000000000000009,0.20000000000000018,78577,0.35876910546343077,0.35972259415571256,-0.5569232158205446
6,0.20000000000000018,0.30000000000000027,77723,0.4008208638369595,0.40144199641860207,-0.35326008208548904
6,0.30000000000000027,0.40000000000000036,75149,0.44423744826943806,0.4431432769296765,0.6038139212293941
6,0.40000000000000036,0.5,72009,0.48189809607132444,0.4814607933485403,0.23485743224533884
6,0.5,0.6000000000000001,68356,0.5126689683422084,0.5136504092518855,-0.51338642492091
6,0.6000000000000001,0.7000000000000002,64614,0.54031634011205,0.5363223156731318,2.035883864164383
6,0.7000000000000002,0.8000000000000003,60133,0.5461227612126454,0.5474209254753649,-0.6395553739272513
6,0.8000000000000003,0.9000000000000004,55687,0.5467344263472623,0.5455989639986454,0.5381374591519259
6,0.9000000000000004,1.0,50401,0.5285609412511657,0.5311154686414302,-1.149218774665682
6,1.0,1.1000000000000005,45645,0.5023770402015555,0.5054260538826983,-1.3029013947911228
6,1.1000000000000005,1.2000000000000002,41423,0.4743741399705478,0.47135898521245606,1.2293457943214232
6,1.2000000000000002,1.2999999999999998,36389,0.42952540602929457,0.4316008428566492,-0.7993311256311282
6,1.2999999999999998,1.4000000000000004,32070,0.39367009666354846,0.3897460880806373,1.440898071679856
6,1.4000000000000004,1.5,27992,0.3460988853958274,0.34842040373700695,-0.8151800750863643
6,1.5,1.6000000000000005,23821,0.305024977960623,0.3094761869120264,-1.4861239307563998
6,1.6000000000000005,1.7000000000000002,20406,0.2737430167597765,0.2745747345359365,-0.26621241178118393
6,1.7000000000000002,1.8000000000000007,17425,0.25067431850789096,0.24470175430936475,1.8338737774805665
6,1.8000000000000007,1.9000000000000004,14494,0.21953911963571132,0.21974303865598335,-0.059289184316172
6,1.9000000000000004,2.0,12063,0.1997015667744342,0.19983846174664902,-0.03759990838867474
6,2.0,2.1000000000000005,9757,0.18673772676027467,0.18476765075396864,0.5014036180743713
6,2.1000000000000005,2.2,8069,0.17784112033709257,0.17417483139950074,0.868359958852513
6,2.2,2.3000000000000007,6363,0.1639163916391639,0.1677733630144123,-0.8233700514246726
6,2.3000000000000007,2.4000000000000004,5036,0.16282764098490865,0.1654798921737087,-0.5064848929629184
6,2.4000000000000004,2.5,4025,0.1662111801242236,0.16714890742119734,-0.1594498260371355
6,2.5,2.6000000000000005,3135,0.1674641148325359,0.1728721779413601,-0.8007771221283722
6,2.6000000000000005,2.7,2426,0.1760098928276999,0.18272332828158264,-0.8556746504022046
6,2.7,2.8000000000000007,1803,0.19079312257348863,0.1969882603605486,-0.6614053654979606
6,2.8000000000000007,2.9000000000000004,1393,0.20674802584350324,0.21648806001518842,-0.8826657090570232
6,2.9000000000000004,3.0,1040,0.23846153846153847,0.24005637232002844,-0.12041616967447392
7,-3.0,-2.9,1013,0.39782823297137215,0.37750832409408097,1.334124741938566
7,-2.9,-2.8,1300,0.43153846153846154,0.4199616660454842,0.8457205126673625
7,-2.8,-2.7,1879,0.47791378392762107,0.4603942173734512,1.5236440486062168
7,-2.7,-2.6,2462,0.5085296506904955,0.49704407224412533,1.1398152986185492
7,-2.6,-2.5,3088,0.5343264248704663,0.5251433441629775,1.0218963536191672
7,-2.5,-2.4,4041,0.5436773075971294,0.5427763365207864,0.11496892540934393
7,-2.4,-2.3,5001,0.5464907018596281,0.5482367858247039,-0.2481155781630072
7,-2.3,-2.2,6373,0.5371096814686961,0.5406998634065839,-0.5751246734507561
7,-2.2,-2.1,7913,0.5185138379881208,0.5211096505699938,-0.46223339133581937
7,-2.1,-2.0,9553,0.49544645661048886,0.4912239137644888,0.8255452032769817
7,-2.0,-1.9,11750,0.4419574468085106,0.45432372121886144,-2.6922015428125943
7,-1.9,-1.7999999999999998,14450,0.4094809688581315,0.41321622676585584,-0.9118571038050024
7,-1.7999999999999998,-1.7,17224,0.370355318160706,0.37114933702634334,-0.21569979062350084
7,-1.7,-1.5999999999999999,20642,0.32937699835287276,0.3306282544809093,-0.3821364228034977
7,-1.5999999999999999,-1.5,24222,0.28948889439352654,0.2935175112728291,-1.3768710193202836
7,-1.5,-1.4,27732,0.26052935237271024,0.2607809975415506,-0.09544532487489106
7,-1.4,-1.2999999999999998,32154,0.23147975368538906,0.23303948421522272,-0.6615547900314115
7,-1.2999999999999998,-1.2,36227,0.20854611201589973,0.21029944093389935,-0.8188970366057008
7,-1.2,-1.0999999999999999,41374,0.19420408952482235,0.19261556598478258,0.8193539152876663
7,-1.0999999999999999,-1.0,46111,0.18108477369824988,0.17949984904096003,0.8868282432576039
7,-1.0,-0.8999999999999999,50366,0.16697772306714848,0.17082374680614876,-2.293417602612973
7,-0.8999999999999999,-0.7999999999999998,55362,0.16560095372277014,0.16627825958509643,-0.4280183828283571
7,-0.7999999999999998,-0.6999999999999997,60232,0.16811661575242395,0.16572366186953785,1.5794313258528647
7,-0.6999999999999997,-0.5999999999999996,64985,0.17150111564207124,0.16914403908937523,1.6028357879028674
7,-0.5999999999999996,-0.5,68469,0.17530561275905884,0.17667967404581006,-0.9427040719319935
7,-0.5,-0.3999999999999999,71941,0.18825148385482549,0.18850395413706747,-0.17313906362747009
7,-0.3999999999999999,-0.2999999999999998,75312,0.2024245804121521,0.2048628251639975,-1.6578940793542838
7,-0.2999999999999998,-0.19999999999999973,77283,0.22600054345716394,0.22614911008441077,-0.09872727851894622
7,-0.19999999999999973,-0.09999999999999964,78648,0.2496821279625674,0.25252718736074053,-1.8364681812695771
7,-0.09999999999999964,0.0,80129,0.2846160566087184,0.28389016566744335,0.45572331202203326
7,0.0,0.10000000000000009,79325,0.316924046643555,0.3199372867058247,-1.8194153846267778
7,0.10000000000000009,0.20000000000000018,78960,0.3602456940222898,0.3596692039960978,0.33755266905127
7,0.20000000000000018,0.30000000000000027,77390,0.4008528233621915,0.40151570407178366,-0.3761838584311373
7,0.30000000000000027,0.40000000000000036,74935,0.4453593114032161,0.4431662398725361,1.2085066361746786
7,0.40000000000000036,0.5,72653,0.47856248193467577,0.4815582610416718,-1.6160774319722873
7,0.5,0.6000000000000001,68612,0.5160030315396723,0.5136184146908445,1.2497115759872068
7,0.6000000000000001,0.7000000000000002,64853,0.5340385178788953,0.5363698826396812,-1.1905763492050496
7,0.7000000000000002,0.8000000000000003,60383,0.5468095324843085,0.5474227942538831,-0.3027578817375888
7,0.8000000000000003,0.9000000000000004,55184,0.5454117135401566,0.5456121163244381,-0.09454857014104111
7,0.9000000000000004,1.0,50832,0.5301188227887944,0.5311038470440977,-0.44502813171090544
7,1.0,1.1000000000000005,45932,0.5042671775668379,0.5054727343815296,-0.516774853571221
7,1.1000000000000005,1.2000000000000002,41272,0.473420236479938,0.4713034067306117,0.8615096417234225
7,1.2000000000000002,1.2999999999999998,36488,0.4287162902872177,0.43156103974757026,-1.0971247685547587
7,1.2999999999999998,1.4000000000000004,31986,0.38423060088788846,0.3897743091060771,-2.0329583509071236
7,1.4000000000000004,1.5,28007,0.3479487271039383,0.34829348333617094,-0.12110071720751378
7,1.5,1.6000000000000005,23928,0.3077983951855567,0.3094090614239745,-0.5389913599108956
7,1.6000000000000005,1.7000000000000002,20399,0.27751360360802,0.27460520860695026,0.9307139573359019
7,1.7000000000000002,1.8000000000000007,17027,0.24901626827979093,0.2446209129012902,1.3342394980419814
7,1.8000000000000007,1.9000000000000004,14537,0.21655087019329985,0.21970169095755487,-0.9175168768354283
7,1.9000000000000004,2.0,11928,0.19483568075117372,0.19979938467650574,-1.3557923227354793
7,2.0,2.1000000000000005,9770,0.18300921187308086,0.18478368184315885,-0.45190557136361803
7,2.1000000000000005,2.2,7957,0.17029031041849943,0.1741482459602912,-0.9074423550538575
7,2.2,2.3000000000000007,6417,0.16954963378525792,0.16779830549985372,0.37542699590135326
7,2.3000000000000007,2.4000000000000004,4946,0.17124949454104327,0.16547444083619992,1.092943725007969
7,2.4000000000000004,2.5,3880,0.1824742268041237,0.16714036934728996,2.560004329370359
7,2.5,2.6000000000000005,3108,0.1657014157014157,0.17277031332981743,-1.0424244307366293
7,2.6000000000000005,2.7,2317,0.18429003021148035,0.18271443618765826,0.1962609952350048
7,2.7,2.8000000000000007,1839,0.1984774333877107,0.19721430345368005,0.13613502452879936
7,2.8000000000000007,2.9000000000000004,1423,0.2101194659170766,0.21621870854801503,-0.5589002183304002
7,2.9000000000000004,3.0,1057,0.24219489120151372,0.23982987883211196,0.18007933093282752
8,-3.0,-2.9,1054,0.3709677419354839,0.3781809040228865,-0.4829077457330336
8,-2.9,-2.8,1386,0.4393939393939394,0.42010675279713583,1.4547777171294622
8,-2.8,-2.7,1864,0.476931330472103,0.4604045332993999,1.4315539163339777
8,-2.7,-2.6,2343,0.4861288945795988,0.496770366494644,-1.0302127090465298
8,-2.6,-2.5,3067,0.5154874470166286,0.5248650409389266,-1.0399584644700408
8,-2.5,-2.4,3955,0.5360303413400759,0.5428490594832792,-0.8608086633786988
8,-2.4,-2.3,5089,0.5445077618392612,0.5482176774589639,-0.531788722070986
8,-2.3,-2.2,6361,0.5396950165068386,0.5406463939501494,-0.15225982550427927
8,-2.2,-2.1,8120,0.5226600985221674,0.5209216017929703,0.3135901511838047
8,-2.1,-2.0,10070,0.47765640516385305,0.49115150188888984,-2.7088736595513674
8,-2.0,-1.9,11842,0.4501773349096436,0.45432542188870373,-0.9065880761672345
8,-1.9,-1.7999999999999998,14500,0.41220689655172416,0.41321729843143123,-0.2470872002696051
8,-1.7999999999999998,-1.7,17336,0.37211582833410245,0.3713115092623853,0.21918753642634153
8,-1.7,-1.5999999999999999,20471,0.3340335108201847,0.3308521449824146,0.9673978547266517
8,-1.5999999999999999,-1.5,23785,0.2945553920538154,0.29345755225386744,0.37183372247963264
8,-1.5,-1.4,27920,0.2568409742120344,0.2607412996351899,-1.484415278245022
8,-1.4,-1.2999999999999998,32201,0.23368839477034875,0.23302906560519332,0.2798610547569183
8,-1.2999999999999998,-1.2,36469,0.20765581726946172,0.21026789831184325,-1.224114921308477
8,-1.2,-1.0999999999999999,41128,0.1893600466835246,0.19258572611859193,-1.658936420331063
8,-1.0999999999999999,-1.0,45929,0.1811491650155675,0.1795325808133849,0.9026918435991818
8,-1.0,-0.8999999999999999,51039,0.17280902839005466,0.17082408888998366,1.1915175890728182
8,-0.8999999999999999,-0.7999999999999998,55987,0.16505617375462162,0.16627068615278,-0.7718362483034914
8,-0.7999999999999998,-0.6999999999999997,60225,0.1675882108758821,0.16572114748350558,1.232261513639565
8,-0.6999999999999997,-0.5999999999999996,64480,0.17146401985111662,0.16914423474518162,1.5713352438321329
8,-0.5999999999999996,-0.5,68049,0.17471233963761407,0.17667286871461166,-1.3409513367621713
8,-0.5,-0.3999999999999999,71898,0.19160477342902446,0.188494344213722,2.1324742218986543
8,-0.3999999999999999,-0.2999999999999998,74449,0.20529489986433666,0.2048824846091564,0.27880212488025535
8,-0.2999999999999998,-0.19999999999999973,76889,0.22641730286516926,0.2261797437213914,0.15745518145830437
8,-0.19999999999999973,-0.09999999999999964,78946,0.25142502470042816,0.252496274388426,-0.6928218973955242
8,-0.09999999999999964,0.0,79713,0.2836927477324903,0.2838644332655645,-0.10750908510886106
8,0.0,0.10000000000000009,79696,0.32065599277253565,0.31987916835131514,0.4701702163517037
8,0.10000000000000009,0.20000000000000018,78706,0.3598200899550225,0.35959149620317205,0.1336395562224593
8,0.20000000000000018,0.30000000000000027,76963,0.4012967269986877,0.4014018438237026,-0.059491628862618245
8,0.30000000000000027,0.40000000000000036,74955,0.4422253352011207,0.44301509224938496,-0.4352741139711489
8,0.40000000000000036,0.5,72611,0.47852253790747956,0.4814952903944015,-1.6031995620418065
8,0.5,0.6000000000000001,68472,0.5112308680920669,0.5136886144170394,-1.2867268794104287
8,0.6000000000000001,0.7000000000000002,64529,0.5359605758651149,0.5363625813021842,-0.20478159375110955
8,0.7000000000000002,0.8000000000000003,59986,0.5473943920248058,0.5474147012242616,-0.009993308780198771
8,0.8000000000000003,0.9000000000000004,55132,0.546361459769281,0.5455917592832811,0.36296657561126267
8,0.9000000000000004,1.0,51254,0.5313341397744566,0.5310871142350841,0.1120667488084699
8,1.0,1.1000000000000005,45665,0.5098872221613927,0.5055129553200813,1.869620234012285
8,1.1000000000000005,1.2000000000000002,41280,0.46967054263565894,0.47124255595111364,-0.6398461570688468
8,1.2000000000000002,1.2999999999999998,36854,0.4348510338090845,0.43168529834633457,1.2269838950001979
8,1.2999999999999998,1.4000000000000004,32395,0.3884241395277049,0.38967442461584745,-0.4614411357118163
8,1.4000000000000004,1.5,28168,0.35064612326043737,0.3482578127013893,0.8413572740705436
8,1.5,1.6000000000000005,24088,0.309158087014281,0.3093959446816573,-0.0798630066202318
8,1.6000000000000005,1.7000000000000002,20581,0.2747194013896312,0.27469767176889126,0.006983905555060897
8,1.7000000000000002,1.8000000000000007,17317,0.24363342380319916,0.24468748591428485,-0.32265122003884183
8,1.8000000000000007,1.9000000000000004,14447,0.21464663944071433,0.21971484993738372,-1.4712521286025357
8,1.9000000000000004,2.0,12143,0.20629169068599193,0.19988901546775406,1.7642287254237394
8,2.0,2.1000000000000005,9804,0.19073847409220726,0.18482293614694717,1.5090095465633253
8,2.1000000000000005,2.2,7777,0.1753889674681754,0.17416166811144673,0.28538605603431816
8,2.2,2.3000000000000007,6289,0.17315948481475593,0.16778909639534495,1.1397193628431654
8,2.3000000000000007,2.4000000000000004,5152,0.16789596273291926,0.16547783791809245,0.46706549530503794
8,2.4000000000000004,2.5,3998,0.16758379189594796,0.16715385999873916,0.07285854070794108
8,2.5,2.6000000000000005,3081,0.1733203505355404,0.17286895890111478,0.06626034414685154
8,2.6000000000000005,2.7,2387,0.1922915793883536,0.1826955338301935,1.2132843877197421
8,2.7,2.8000000000000007,1850,0.1827027027027027,0.1969028245233456,-1.5359175827021383
8,2.8000000000000007,2.9000000000000004,1380,0.23695652173913043,0.2162198785328896,1.8712554003164152
8,2.9000000000000004,3.0,1048,0.2318702290076336,0.2397719331655003,-0.5991427174094122
9,-3.0,-2.9,993,0.36153071500503525,0.37794241006385965,-1.066596004137057
9,-2.9,-2.8,1399,0.40600428877769834,0.4201096808138539,-1.0689065650287706
9,-2.8,-2.7,1887,0.4541600423953365,0.46085947435581953,-0.5838330577317716
9,-2.7,-2.6,2356,0.49193548387096775,0.49628622726130134,-0.42237002348771996
9,-2.6,-2.5,3140,0.5159235668789809,0.5247310012254485,-0.9882711867064589
9,-2.5,-2.4,3989,0.5412384056154425,0.5427379260275501,-0.19011077129393616
9,-2.4,-2.3,5218,0.5429283250287467,0.5482075963493314,-0.7662738995498676
9,-2.3,-2.2,6415,0.5413873733437257,0.5407606599738096,0.10072683857539833
9,-2.2,-2.1,7814,0.5232915280266189,0.5209027305680325,0.42269378952668507
9,-2.1,-2.0,9774,0.4918150194393288,0.49136696284727394,0.08860613219639214
9,-2.0,-1.9,11772,0.4589704383282365,0.45417262081364534,1.0455160858910117
9,-1.9,-1.7999999999999998,14475,0.41146804835924006,0.4132318477757849,-0.43095142520039764
9,-1.7999999999999998,-1.7,17342,0.36293391765655636,0.37131090018295104,-2.283233805132277
9,-1.7,-1.5999999999999999,20679,0.33381691571159144,0.3306620477777494,0.9643419282522014
9,-1.5999999999999999,-1.5,23797,0.29495314535445644,0.2934345505327638,0.5144831991935302
9,-1.5,-1.4,27923,0.2549153027969774,0.2607886328144578,-2.235305029278486
9,-1.4,-1.2999999999999998,31827,0.2341408238288246,0.2330091237670783,0.4775816475064619
9,-1.2999999999999998,-1.2,36373,0.2107607291122536,0.2103961218490103,0.17060485093619882
9,-1.2,-1.0999999999999999,41055,0.19145049324077457,0.19256821406310282,-0.5743427554831428
9,-1.0999999999999999,-1.0,45660,0.18140604467805518,0.17954186771892225,1.0378725077997193
9,-1.0,-0.8999999999999999,50763,0.17093158402773673,0.17081995715764978,0.06682649189737239
9,-0.8999999999999999,-0.7999999999999998,55169,0.1637332559952147,0.1662766117324296,-1.6044570257968767
9,-0.7999999999999998,-0.6999999999999997,60244,0.1670207821525795,0.16572146138637128,0.8576860894004494
9,-0.6999999999999997,-0.5999999999999996,64789,0.16894843260430012,0.1691551749143743,-0.14037100171651576
9,-0.5999999999999996,-0.5,68669,0.1789162504186751,0.17664150380749466,1.5630487586301616
9,-0.5,-0.3999999999999999,71781,0.18699934523063205,0.18849672418748967,-1.0257450633165495
9,-0.3999999999999999,-0.2999999999999998,75093,0.20653056876140252,0.20489647819251136,1.1094219790202613
9,-0.2999999999999998,-0.19999999999999973,77076,0.22555659349213764,0.2261827245835919,-0.41550468758195497
9,-0.19999999999999973,-0.09999999999999964,78895,0.25137207681095125,0.25246458924993026,-0.7063744943401333
9,-0.09999999999999964,0.0,79285,0.28477013306426185,0.2839096257204708,0.5373733439741584
9,0.0,0.10000000000000009,79585,0.3183388829553308,0.319944281875198,-0.970932753939843
9,0.10000000000000009,0.20000000000000018,79547,0.35952330069015803,0.35970584253534527,-0.10727803833245766
9,0.20000000000000018,0.30000000000000027,77376,0.3983922663358147,0.40152360872125104,-1.7768658455017006
9,0.30000000000000027,0.40000000000000036,74771,0.4460686629843121,0.44307847136718165,1.645994146811496
9,0.40000000000000036,0.5,72280,0.47725511898173767,0.4815751864180295,-2.3244738101636697
9,0.5,0.6000000000000001,68868,0.5135912179822268,0.5135673566805375,0.01252831907575422
9,0.6000000000000001,0.7000000000000002,63950,0.5353713838936669,0.5363275125896867,-0.4848595181119295
9,0.7000000000000002,0.8000000000000003,60797,0.5468197443952827,0.5474092102531795,-0.2920053607794553
9,0.8000000000000003,0.9000000000000004,55651,0.5460099548974862,0.5455967167894791,0.19578537460130727
9,0.9000000000000004,1.0,50585,0.532687555599486,0.5311374485811952,0.6986285428000218
9,1.0,1.1000000000000005,46142,0.5064799965324434,0.5054888540014504,0.4258341487232583
9,1.1000000000000005,1.2000000000000002,41481,0.4710831465008076,0.47127552721293764,-0.07849355274806198
9,1.2000000000000002,1.2999999999999998,36464,0.4339622641509434,0.43158002868939516,0.9184415125833301
9,1.2999999999999998,1.4000000000000004,32130,0.3906629318394024,0.38978161589505866,0.3239169469656359
9,1.4000000000000004,1.5,28000,0.3482857142857143,0.34827409399270454,0.004081342268115253
9,1.5,1.6000000000000005,24352,0.3071205650459921,0.30948731209887886,-0.7989358447281071
9,1.6000000000000005,1.7000000000000002,20472,0.2767682688550215,0.27461070959177913,0.6916694041703223
9,1.7000000000000002,1.8000000000000007,17288,0.24566173068024064,0.24464799340020849,0.31006466170141195
9,1.8000000000000007,1.9000000000000004,14388,0.22442313038643313,0.2196730847786702,1.376167433743908
9,1.9000000000000004,2.0,11943,0.20706690111362305,0.19983756851275405,1.975728547750648
9,2.0,2.1000000000000005,9692,0.18592653735039208,0.18472795829457087,0.3040575540076294
9,2.1000000000000005,2.2,7943,0.17701120483444543,0.17413193014975248,0.6766760965354748
9,2.2,2.3000000000000007,6333,0.16121901152692247,0.16780142918382154,-1.4017768016648482
9,2.3000000000000007,2.4000000000000004,5114,0.1630817364098553,0.16547428909270928,-0.4604227226616094
9,2.4000000000000004,2.5,4053,0.16259560819146313,0.16713574226560393,-0.774702933358162
9,2.5,2.6000000000000005,3077,0.1875203119922002,0.17281024238845877,2.158197385035638
9,2.6000000000000005,2.7,2425,0.1822680412371134,0.18265169509548357,-0.04889675124080191
9,2.7,2.8000000000000007,1865,0.20482573726541556,0.19716775462387173,0.8312342828083672
9,2.8000000000000007,2.9000000000000004,1436,0.20821727019498606,0.21627268051164952,-0.74144947571172
9,2.9000000000000004,3.0,1021,0.22428991185112634,0.24025241975599357,-1.1938381373423088
